"people","love","history","variety","library","investment"
32,73,144,5,104,63
39,119,48,125,106,21
50,43,111,117,70,24
81,45,131,134,75,139
51,109,99,66,44,136
122,37,74,61,110,11
112,41,82,59,77,72
69,65,2,107,40,79
18,138,123,137,26,87
54,86,17,28,96,98
8,108,46,55,124,29
60,116,130,102,3,31
88,64,127,84,27,78
118,56,36,83,14,33
141,133,16,113,4,22
89,129,42,126,105,140
135,71,25,57,142,76
143,20,10,47,97,128
38,30,6,13,80,93
132,35,92,9,100,23
91,62,115,103,15,7
120,58,114,101,95,12
52,121,1,49,68,94
19,34,53,67,90,85
